{"cameraMode":{"drawMode":0,"name":"Shaded","section":"Shading Mode"},"sceneLighting":true,"audioPlay":false,"sceneViewState":{"m_AlwaysRefresh":false,"showFog":true,"showSkybox":true,"showFlares":true,"showImageEffects":true,"showParticleSystems":true,"showVisualEffectGraphs":true,"m_FxEnabled":true},"in2DMode":false,"pivot":{"x":1.2406220436096192,"y":20.984092712402345,"z":18.484481811523439},"rotation":{"x":0.13987259566783906,"y":0.07033587992191315,"z":0.009961621835827828,"w":-0.9876198768615723},"size":10.54018783569336,"orthographic":false}