{"cameraMode":{"drawMode":0,"name":"Shaded","section":"Shading Mode"},"sceneLighting":true,"audioPlay":false,"sceneViewState":{"m_AlwaysRefresh":false,"showFog":true,"showSkybox":true,"showFlares":true,"showImageEffects":true,"showParticleSystems":true,"showVisualEffectGraphs":true,"m_FxEnabled":true},"in2DMode":false,"pivot":{"x":8.531126976013184,"y":4.666769504547119,"z":5.722780704498291},"rotation":{"x":0.0940193310379982,"y":0.025979001075029374,"z":0.0024542997125536205,"w":-0.9952316880226135},"size":-29.759431838989259,"orthographic":false}