{"cameraMode":{"drawMode":0,"name":"Shaded","section":"Shading Mode"},"sceneLighting":true,"audioPlay":false,"sceneViewState":{"m_AlwaysRefresh":false,"showFog":true,"showSkybox":true,"showFlares":true,"showImageEffects":true,"showParticleSystems":true,"showVisualEffectGraphs":true,"m_FxEnabled":true},"in2DMode":false,"pivot":{"x":-19.333967208862306,"y":-0.13042068481445313,"z":33.54437255859375},"rotation":{"x":0.02631043642759323,"y":-0.9735153913497925,"z":0.1699277013540268,"w":0.15072579681873322},"size":26.689538955688478,"orthographic":false}