{"cameraMode":{"drawMode":0,"name":"Shaded","section":"Shading Mode"},"sceneLighting":true,"audioPlay":false,"sceneViewState":{"m_AlwaysRefresh":false,"showFog":true,"showSkybox":true,"showFlares":true,"showImageEffects":true,"showParticleSystems":true,"showVisualEffectGraphs":true,"m_FxEnabled":true},"in2DMode":false,"pivot":{"x":-16.234052658081056,"y":4.836197376251221,"z":4.230759620666504},"rotation":{"x":-0.016853010281920434,"y":-0.3906451463699341,"z":0.007153586484491825,"w":-0.9203606247901917},"size":8.900005340576172,"orthographic":false}