{"cameraMode":{"drawMode":0,"name":"Shaded","section":"Shading Mode"},"sceneLighting":true,"audioPlay":false,"sceneViewState":{"m_AlwaysRefresh":false,"showFog":true,"showSkybox":true,"showFlares":true,"showImageEffects":true,"showParticleSystems":true,"showVisualEffectGraphs":true,"m_FxEnabled":true},"in2DMode":false,"pivot":{"x":-7.052504539489746,"y":2.4337916374206545,"z":6.542337417602539},"rotation":{"x":-0.037797488272190097,"y":-0.01289325300604105,"z":0.0004877924220636487,"w":-0.9992027282714844},"size":6.399997711181641,"orthographic":false}