{"cameraMode":{"drawMode":0,"name":"Shaded","section":"Shading Mode"},"sceneLighting":true,"audioPlay":false,"sceneViewState":{"m_AlwaysRefresh":false,"showFog":true,"showSkybox":true,"showFlares":true,"showImageEffects":true,"showParticleSystems":true,"showVisualEffectGraphs":true,"m_FxEnabled":true},"in2DMode":false,"pivot":{"x":2.1476311683654787,"y":3.95939302444458,"z":3.275150775909424},"rotation":{"x":-0.016156593337655069,"y":0.06443984061479569,"z":0.0010484835365787149,"w":0.997796893119812},"size":3.877579927444458,"orthographic":false}