{"cameraMode":{"drawMode":0,"name":"Shaded","section":"Shading Mode"},"sceneLighting":true,"audioPlay":false,"sceneViewState":{"m_AlwaysRefresh":false,"showFog":true,"showSkybox":true,"showFlares":true,"showImageEffects":true,"showParticleSystems":true,"showVisualEffectGraphs":true,"m_FxEnabled":true},"in2DMode":false,"pivot":{"x":-10.701526641845704,"y":-0.22360122203826905,"z":27.841222763061525},"rotation":{"x":0.07632890343666077,"y":-0.20050689578056336,"z":0.015671899542212487,"w":0.9765917658805847},"size":17.955896377563478,"orthographic":false}