{"cameraMode":{"drawMode":0,"name":"Shaded","section":"Shading Mode"},"sceneLighting":true,"audioPlay":false,"sceneViewState":{"m_AlwaysRefresh":false,"showFog":true,"showSkybox":true,"showFlares":true,"showImageEffects":true,"showParticleSystems":true,"showVisualEffectGraphs":true,"m_FxEnabled":true},"in2DMode":false,"pivot":{"x":-10.701526641845704,"y":-0.22360122203826905,"z":27.841222763061525},"rotation":{"x":0.05113935470581055,"y":0.5536520481109619,"z":-0.03409212455153465,"w":0.8304808139801025},"size":19.0074405670166,"orthographic":false}